CVE,Total Submissions,Total Comments,Post Sentiment,Comment Sentiment,Combined Sentiment
CVE-2024-3393,10,185,-0.15413000000000002,-0.005918644067796612,-0.08002432203389831
CVE-2021-44207,2,0,-0.4964,N/A,N/A
CVE-2024-12356,3,35,0.2699333333333333,0.015442857142857147,0.14268809523809522
CVE-2021-40407,1,0,0.0,N/A,N/A
CVE-2019-11001,0,0,N/A,N/A,N/A
CVE-2022-23227,1,0,0.0,N/A,N/A
CVE-2018-14933,0,0,N/A,N/A,N/A
CVE-2024-55956,1,4,0.8689,-0.6553,0.1068
CVE-2024-35250,1,1,-0.9377,N/A,N/A
CVE-2024-20767,2,2,-0.44795,0.7506,0.15132500000000002
CVE-2024-50623,15,31,-0.68338,0.09043846153846154,-0.2964707692307692
CVE-2024-49138,10,1,-0.5740999999999999,-0.4404,-0.50725
CVE-2024-51378,2,0,-0.22474999999999995,N/A,N/A
CVE-2024-11667,0,0,N/A,N/A,N/A
CVE-2024-11680,3,0,0.0,N/A,N/A
CVE-2023-45727,0,0,N/A,N/A,N/A
CVE-2023-28461,1,0,0.0,N/A,N/A
CVE-2024-21287,1,0,0.0,N/A,N/A
CVE-2024-44309,3,4,-0.4456333333333333,0.09723333333333334,-0.1742
CVE-2024-44308,7,37,-0.4998142857142857,-0.05853333333333334,-0.27917380952380955
CVE-2024-38813,5,5,-0.23132000000000003,-0.07655,-0.15393500000000002
CVE-2024-38812,11,24,-0.29757272727272727,0.039999999999999994,-0.12878636363636364
CVE-2024-9474,15,204,-0.10632,-0.002542857142857142,-0.05443142857142857
CVE-2024-0012,20,213,-0.091335,-0.007475757575757574,-0.04940537878787879
CVE-2024-1212,3,7,-0.15436666666666665,0.26330000000000003,0.05446666666666669
CVE-2024-9465,1,0,-0.9977,N/A,N/A
CVE-2024-9463,0,0,N/A,N/A,N/A
CVE-2021-26086,8,57,-0.36310000000000003,0.15438181818181818,-0.10435909090909093
CVE-2014-2120,4,0,-0.5552,N/A,N/A
CVE-2021-41277,3,0,0.0,N/A,N/A
CVE-2024-43451,3,5,-0.34559999999999996,-0.17475,-0.260175
CVE-2024-49039,3,0,-0.5185,N/A,N/A
CVE-2019-16278,2,6,-0.3201,0.14049999999999999,-0.0898
CVE-2024-51567,0,0,N/A,N/A,N/A
CVE-2024-43093,5,16,-0.10766,0.20637777777777777,0.04935888888888888
CVE-2024-5910,1,0,-0.875,N/A,N/A
CVE-2024-8956,1,15,-0.9545,0.17311666666666667,-0.39069166666666666
CVE-2024-8957,1,15,-0.9545,0.17311666666666667,-0.39069166666666666
CVE-2024-37383,2,0,0.0,N/A,N/A
CVE-2024-20481,1,0,-0.9981,N/A,N/A
CVE-2024-47575,17,174,-0.311,-0.0028711538461538458,-0.1569355769230769
CVE-2024-38094,5,3,-0.39852,-0.4215,-0.41001
CVE-2024-9537,0,0,N/A,N/A,N/A
CVE-2024-40711,15,20,-0.6649933333333333,0.43324615384615384,-0.11587358974358974
CVE-2024-28987,2,1,-0.49465,0.0,-0.247325
CVE-2024-9680,20,149,-0.362235,0.060886486486486494,-0.15067425675675675
CVE-2024-30088,1,1,0.0,-0.1007,-0.05035
CVE-2024-9380,3,1,-0.25676666666666664,N/A,N/A
CVE-2024-9379,2,1,-0.4983,N/A,N/A
CVE-2024-23113,4,40,-0.074075,-0.0614875,-0.06778125
CVE-2024-43573,3,3,-0.16383333333333333,-0.1379,-0.15086666666666665
CVE-2024-43572,3,1,-0.3797,0.0,-0.18985
CVE-2024-43047,6,25,-0.09848333333333335,0.34445000000000003,0.12298333333333333
CVE-2024-45519,5,2,-0.38458000000000003,0.064,-0.16029000000000002
CVE-2024-29824,1,0,0.0,N/A,N/A
CVE-2019-0344,0,0,N/A,N/A,N/A
CVE-2020-15415,0,0,N/A,N/A,N/A
CVE-2023-25280,1,0,0.0,N/A,N/A
CVE-2024-7593,0,0,N/A,N/A,N/A
CVE-2024-8963,2,0,-0.38515,N/A,N/A
CVE-2020-14644,0,0,N/A,N/A,N/A
CVE-2022-21445,0,0,N/A,N/A,N/A
CVE-2020-0618,3,2,-0.3252333333333333,0.24695,-0.03914166666666666
CVE-2024-27348,1,0,0.0,N/A,N/A
CVE-2014-0502,4,3,0.0,-0.4566,-0.2283
CVE-2013-0648,0,0,N/A,N/A,N/A
CVE-2013-0643,0,0,N/A,N/A,N/A
CVE-2014-0497,3,6,-0.3086666666666667,-0.11989999999999999,-0.21428333333333335
CVE-2024-6670,0,0,N/A,N/A,N/A
CVE-2024-43461,2,0,-0.4981,N/A,N/A
CVE-2024-8190,4,0,-0.115975,N/A,N/A
CVE-2024-38217,1,0,-0.958,N/A,N/A
CVE-2024-38014,2,0,0.0,N/A,N/A
CVE-2024-38226,0,0,N/A,N/A,N/A
CVE-2024-40766,11,67,-0.6999636363636363,0.094721875,-0.3026208806818182
CVE-2017-1000253,5,1,-0.16056,0.4019,0.12066999999999999
CVE-2016-3714,9,91,-0.2072,0.3554851851851852,0.0741425925925926
CVE-2024-7262,1,0,-0.998,N/A,N/A
CVE-2021-20124,2,0,-0.9978,N/A,N/A
CVE-2021-20123,1,0,-0.9967,N/A,N/A
CVE-2024-7965,5,1,-0.5846199999999999,0.0,-0.29230999999999996
CVE-2024-38856,3,1,0.0,0.0,0.0
CVE-2024-7971,5,7,-0.51736,0.13396666666666665,-0.19169666666666668
CVE-2024-39717,6,0,0.0,N/A,N/A
CVE-2021-31196,3,38,-0.4638333333333333,0.2900181818181818,-0.08690757575757577
CVE-2022-0185,20,131,-0.1226,0.04255333333333334,-0.04002333333333333
CVE-2021-33045,2,0,-0.49435,N/A,N/A
CVE-2021-33044,2,0,-0.49435,N/A,N/A
CVE-2024-23897,28,31,-0.2495607142857143,-0.032633333333333334,-0.14109702380952382
CVE-2024-28986,1,0,-0.9893,N/A,N/A
CVE-2024-38107,0,0,N/A,N/A,N/A
CVE-2024-38106,1,0,0.0,N/A,N/A
CVE-2024-38193,3,0,-0.9871,N/A,N/A
CVE-2024-38213,1,0,-0.961,N/A,N/A
CVE-2024-38178,3,0,-0.19063333333333332,N/A,N/A
CVE-2024-38189,0,0,N/A,N/A,N/A
CVE-2024-32113,1,0,-0.9983,N/A,N/A
CVE-2024-36971,2,2,-0.24650000000000002,0.2997,0.0266
CVE-2018-0824,3,1,0.0,N/A,N/A
CVE-2024-37085,12,77,-0.28155,0.09055,-0.0955
CVE-2023-45249,1,1,-0.9684,0.0,-0.4842
CVE-2024-5217,2,0,0.0,N/A,N/A
CVE-2024-4879,2,0,0.0,N/A,N/A
CVE-2024-39891,0,0,N/A,N/A,N/A
CVE-2012-4792,5,1,0.0,0.0,0.0
CVE-2022-22948,2,1,0.0,0.3612,0.1806
CVE-2024-28995,6,0,-0.2853333333333334,N/A,N/A
CVE-2024-34102,6,0,-0.48325,N/A,N/A
CVE-2024-36401,4,3,-0.00269999999999998,0.15839999999999999,0.07785
CVE-2024-23692,3,4,0.0,0.0,0.0
CVE-2024-38080,5,1,-0.6492,0.0,-0.3246
CVE-2024-38112,12,8,-0.22244166666666665,-0.010771428571428574,-0.11660654761904761
CVE-2024-20399,6,1,-0.6059666666666667,0.0,-0.3029833333333333
CVE-2020-13965,0,0,N/A,N/A,N/A
CVE-2022-2586,2,1,0.0,0.0,0.0
CVE-2022-24816,1,0,0.0,N/A,N/A
CVE-2024-4358,6,2,0.16591666666666668,0.148,0.15695833333333334
CVE-2024-26169,2,1,-0.4918,0.0,-0.2459
CVE-2024-32896,9,331,0.10588888888888887,0.041011811023622044,0.07345034995625546
CVE-2024-4577,20,21,-0.158945,-0.13297000000000003,-0.14595750000000002
CVE-2024-4610,1,0,-0.9165,N/A,N/A
CVE-2017-3506,0,0,N/A,N/A,N/A
CVE-2024-1086,23,112,-0.003504347826086954,-0.018541025641025638,-0.011022686733556296
CVE-2024-24919,31,84,-0.1348516129032258,-0.01797,-0.07641080645161291
CVE-2024-4978,1,0,0.0,N/A,N/A
CVE-2024-5274,4,1,-0.73445,0.0,-0.367225
CVE-2020-17519,1,0,0.0,N/A,N/A
CVE-2024-4947,3,0,-0.9823666666666666,N/A,N/A
CVE-2023-43208,4,0,0.0,N/A,N/A
CVE-2024-4761,5,0,-0.59032,N/A,N/A
CVE-2021-40655,0,0,N/A,N/A,N/A
CVE-2014-100005,0,0,N/A,N/A,N/A
CVE-2024-30040,4,1,-0.8673,0.4767,-0.19529999999999997
CVE-2024-30051,10,1,-0.44534,0.4767,0.01568
CVE-2024-4671,4,0,-0.9829749999999999,N/A,N/A
CVE-2023-7028,8,6,-0.3519875,-0.022539999999999987,-0.18726375
CVE-2024-29988,1,0,0.9182,N/A,N/A
CVE-2024-4040,4,13,0.0,-0.032914285714285695,-0.016457142857142847
CVE-2024-20359,8,72,-0.365575,0.21991904761904765,-0.07282797619047617
CVE-2024-20353,6,52,-0.72045,0.14809999999999998,-0.286175
CVE-2022-38028,5,6,0.16843999999999998,0.010699999999999987,0.08956999999999998
CVE-2024-3400,99,1508,-0.10302020202020201,-0.006528801843317971,-0.05477450193175999
CVE-2024-3273,4,0,-0.24995,N/A,N/A
CVE-2024-3272,1,0,-0.9998,N/A,N/A
CVE-2024-29748,2,2,-0.9994,0.5709,-0.21425
CVE-2024-29745,2,2,-0.9994,0.5709,-0.21425
CVE-2023-24955,8,0,-0.011037500000000006,N/A,N/A
CVE-2019-7256,1,0,0.0,N/A,N/A
CVE-2021-44529,2,1,0.0,0.0,0.0
CVE-2023-48788,10,13,-0.39651000000000003,0.1108,-0.142855
CVE-2024-27198,10,11,-0.44926000000000005,0.292675,-0.07829250000000001
CVE-2024-23225,3,14,-0.9193333333333333,0.0876625,-0.4158354166666667
CVE-2024-23296,4,6,-0.73725,-0.463,-0.600125
CVE-2023-21237,0,0,N/A,N/A,N/A
CVE-2021-36380,0,0,N/A,N/A,N/A
CVE-2024-21338,8,1,-0.361475,0.25,-0.055737499999999995
CVE-2023-29360,4,0,-0.08895,N/A,N/A
CVE-2024-1709,21,76,-0.2352952380952381,0.06387878787878788,-0.08570822510822512
CVE-2020-3259,3,0,0.0,N/A,N/A
CVE-2024-21410,14,89,-0.1628857142857143,0.1241846153846154,-0.019350549450549454
CVE-2024-21412,17,0,-0.24493529411764706,N/A,N/A
CVE-2024-21351,3,0,-0.7173666666666666,N/A,N/A
CVE-2023-43770,0,0,N/A,N/A,N/A
CVE-2024-21762,21,84,-0.3158238095238095,0.09016176470588236,-0.11283102240896357
CVE-2023-4762,1,0,-0.9916,N/A,N/A
CVE-2022-48618,2,0,-0.4999,N/A,N/A
CVE-2024-21893,9,12,-0.5351,-0.36569999999999997,-0.4504
CVE-2023-22527,10,2,-0.39756,0.4716,0.03702
CVE-2024-23222,6,27,-0.4352333333333333,0.07886249999999999,-0.17818541666666665
CVE-2023-34048,10,42,-0.39131,0.0944,-0.148455
CVE-2023-35082,2,1,-0.4924,0.0,-0.2462
CVE-2024-0519,5,2,-0.54464,-0.0577,-0.30117
CVE-2023-6549,2,0,-0.47065,N/A,N/A
CVE-2023-6548,2,0,-0.47065,N/A,N/A
CVE-2018-15133,1,2,0.0,0.0,0.0
CVE-2023-29357,8,1,-0.1025875,-0.4404,-0.27149375
CVE-2023-46805,20,23,-0.262345,0.04720714285714285,-0.10756892857142858
CVE-2024-21887,22,26,-0.27852727272727273,0.031247058823529406,-0.12364010695187166
CVE-2023-23752,4,0,0.0,N/A,N/A
CVE-2016-20017,1,0,0.0,N/A,N/A
CVE-2023-41990,4,7,0.22885,0.14613333333333334,0.18749166666666667
CVE-2023-27524,3,5,0.0,-0.5994,-0.2997
CVE-2023-29300,3,2,-0.6600333333333334,-0.4546,-0.5573166666666667
CVE-2023-38203,2,1,-0.983,0.0,-0.4915
CVE-2023-7101,3,7,-0.9702000000000001,0.175125,-0.39753750000000004
CVE-2023-7024,6,4,-0.6455,-0.2294,-0.43745
CVE-2023-49897,0,0,N/A,N/A,N/A
CVE-2023-47565,0,0,N/A,N/A,N/A
CVE-2023-6448,0,0,N/A,N/A,N/A
CVE-2023-41266,0,0,N/A,N/A,N/A
CVE-2023-41265,1,1,0.7322,-0.3818,0.1752
CVE-2023-33107,1,5,0.9794,-0.270875,0.35426250000000004
CVE-2023-33106,1,5,0.9794,-0.270875,0.35426250000000004
CVE-2023-33063,1,5,0.9794,-0.270875,0.35426250000000004
CVE-2022-22071,0,0,N/A,N/A,N/A
CVE-2023-42917,7,5,-0.9405857142857144,0.01035,-0.4651178571428572
CVE-2023-42916,13,260,-0.5066846153846154,0.15498205128205128,-0.17585128205128206
CVE-2023-6345,3,1,-0.9674666666666667,0.0,-0.48373333333333335
CVE-2023-49103,8,15,-0.18931250000000002,0.059577777777777764,-0.06486736111111113
CVE-2023-4911,25,309,-0.23983999999999997,0.036125581395348834,-0.10185720930232557
CVE-2023-36584,3,0,0.0,N/A,N/A
CVE-2023-1671,3,0,0.0,N/A,N/A
CVE-2020-2551,3,3,0.0,-0.38023333333333337,-0.19011666666666668
CVE-2023-36033,0,0,N/A,N/A,N/A
CVE-2023-36025,5,0,0.068,N/A,N/A
CVE-2023-36036,0,0,N/A,N/A,N/A
CVE-2023-47246,5,2,-0.21328,0.0,-0.10664
CVE-2023-36844,6,1,-0.1541,-0.6728,-0.41345
CVE-2023-36845,5,0,-0.03379999999999998,N/A,N/A
CVE-2023-36846,4,0,-0.04224999999999998,N/A,N/A
CVE-2023-36847,2,0,0.0,N/A,N/A
CVE-2023-36851,0,0,N/A,N/A,N/A
CVE-2023-29552,2,3,-0.0258,-0.4194,-0.2226
CVE-2023-22518,16,104,-0.164075,-0.12767058823529412,-0.14587279411764706
CVE-2023-46604,21,5,-0.22275714285714288,0.09025,-0.06625357142857144
CVE-2023-46748,2,10,-0.08150000000000002,0.22306666666666666,0.07078333333333332
CVE-2023-46747,9,13,-0.18306666666666666,0.50922,0.16307666666666668
CVE-2023-5631,1,9,0.4926,-0.4114333333333334,0.040583333333333305
CVE-2023-20273,12,14,-0.5581333333333333,0.3946,-0.08176666666666663
CVE-2023-4966,22,43,-0.2567,-0.10325000000000001,-0.179975
CVE-2023-20198,23,74,-0.27008695652173914,0.08040357142857142,-0.09484169254658387
CVE-2023-21608,5,4,-0.5982000000000001,-0.03254999999999997,-0.315375
CVE-2023-20109,2,0,-0.4942,N/A,N/A
CVE-2023-41763,0,0,N/A,N/A,N/A
CVE-2023-36563,0,0,N/A,N/A,N/A
CVE-2023-44487,27,39,-0.17075925925925925,-0.21464347826086955,-0.19270136876006438
CVE-2023-22515,28,138,-0.12318928571428571,-0.24177173913043482,-0.18248051242236027
CVE-2023-40044,6,13,-0.6566,-0.014700000000000006,-0.33565
CVE-2023-42824,10,113,-0.022989999999999993,-0.0628896551724138,-0.042939827586206895
CVE-2023-42793,27,90,-0.26823703703703705,-0.019809375,-0.14402320601851853
CVE-2023-28229,0,0,N/A,N/A,N/A
CVE-2023-4211,6,0,-0.5998166666666667,N/A,N/A
CVE-2023-5217,17,98,-0.3155117647058823,0.12302222222222223,-0.09624477124183005
CVE-2018-14667,1,0,0.0,N/A,N/A
CVE-2023-41991,29,1154,-0.18419655172413793,0.08859112903225806,-0.047802711345939934
CVE-2023-41992,13,163,-0.6235923076923077,-0.1764301886792453,-0.4000112481857765
CVE-2023-41993,17,144,-0.5179882352941176,-0.13694468085106382,-0.3274664580725907
CVE-2023-41179,2,0,-0.47915,N/A,N/A
CVE-2023-28434,1,0,0.0,N/A,N/A
CVE-2022-22265,3,0,-0.8535,N/A,N/A
CVE-2014-8361,3,0,-0.6597,N/A,N/A
CVE-2017-6884,0,0,N/A,N/A,N/A
CVE-2021-3129,2,48,-0.93535,-0.19685714285714284,-0.5661035714285714
CVE-2023-26369,3,1,-0.3249666666666667,N/A,N/A
CVE-2023-35674,1,0,-0.9937,N/A,N/A
CVE-2023-20269,4,10,-0.5257499999999999,-0.19058000000000003,-0.35816499999999996
CVE-2023-4863,70,481,-0.1614157142857143,-0.05929545454545455,-0.11035558441558442
CVE-2023-36761,3,28,-0.004499999999999986,0.0603,0.027900000000000008
CVE-2023-36802,1,0,0.9614,N/A,N/A
CVE-2023-41064,7,42,-0.7026714285714286,-0.07199411764705883,-0.38733277310924374
CVE-2023-41061,5,8,-0.5871000000000001,0.09856666666666665,-0.24426666666666672
CVE-2023-33246,5,1,0.0,-0.1759,-0.08795
CVE-2023-38831,33,90,-0.2331848484848485,0.10893030303030303,-0.06212727272727273
CVE-2023-32315,6,0,0.0,N/A,N/A
CVE-2023-38035,2,0,0.0,N/A,N/A
CVE-2023-27532,14,60,-0.35599285714285717,-0.161852,-0.25892242857142855
CVE-2023-26359,2,0,-0.49565,N/A,N/A
CVE-2023-24489,10,15,-0.44932999999999995,0.15384285714285714,-0.14774357142857142
CVE-2023-38180,2,0,-0.006099999999999994,N/A,N/A
CVE-2017-18368,0,0,N/A,N/A,N/A
CVE-2023-35081,5,1,-0.59482,0.0,-0.29741
CVE-2023-37580,1,0,-0.5574,N/A,N/A
CVE-2023-38606,6,26,-0.3198166666666667,0.1688769230769231,-0.0754698717948718
CVE-2023-35078,7,13,-0.5444714285714286,-0.22364,-0.3840557142857143
CVE-2023-29298,4,3,-0.744275,-0.27086666666666664,-0.5075708333333333
CVE-2023-38205,3,2,-0.9919666666666668,-0.4063,-0.6991333333333334
CVE-2023-3519,53,61,-0.14751132075471698,-0.2489111111111111,-0.19821121593291405
CVE-2023-36884,42,228,-0.0843547619047619,0.027876829268292685,-0.02823896631823461
CVE-2022-29303,3,6,-0.6629333333333333,0.48450000000000004,-0.08921666666666661
CVE-2023-37450,3,0,-0.6084333333333333,N/A,N/A
CVE-2023-32046,2,0,0.48825,N/A,N/A
CVE-2023-32049,1,0,0.7742,N/A,N/A
CVE-2023-35311,3,0,0.2183333333333333,N/A,N/A
CVE-2023-36874,6,0,0.21681666666666666,N/A,N/A
CVE-2022-31199,2,1,-0.4997,-0.6249,-0.5623
CVE-2021-29256,1,0,-0.9973,N/A,N/A
CVE-2019-17621,1,1,0.0,-0.1531,-0.07655
CVE-2019-20500,0,0,N/A,N/A,N/A
CVE-2021-25487,0,0,N/A,N/A,N/A
CVE-2021-25489,0,0,N/A,N/A,N/A
CVE-2021-25394,0,0,N/A,N/A,N/A
CVE-2021-25395,0,0,N/A,N/A,N/A
CVE-2021-25371,0,0,N/A,N/A,N/A
CVE-2021-25372,0,0,N/A,N/A,N/A
CVE-2023-32434,7,51,-0.684142857142857,0.21345833333333333,-0.23534226190476187
CVE-2023-32435,3,7,-0.9482333333333334,0.14613333333333334,-0.40105
CVE-2023-32439,1,0,-0.9278,N/A,N/A
CVE-2023-20867,0,0,N/A,N/A,N/A
CVE-2023-27992,2,0,-0.3982,N/A,N/A
CVE-2023-20887,3,0,-0.3292333333333333,N/A,N/A
CVE-2020-35730,3,0,0.0,N/A,N/A
CVE-2020-12641,3,0,0.0,N/A,N/A
CVE-2021-44026,4,0,-0.240725,N/A,N/A
CVE-2016-9079,0,0,N/A,N/A,N/A
CVE-2016-0165,1,0,-0.128,N/A,N/A
CVE-2023-27997,39,61,-0.19804102564102566,-0.049966666666666666,-0.12400384615384616
CVE-2023-3079,2,1,-0.4967,0.9637,0.2335
CVE-2023-33009,0,0,N/A,N/A,N/A
CVE-2023-33010,0,0,N/A,N/A,N/A
CVE-2023-34362,29,204,-0.39894827586206894,0.029610526315789476,-0.18466887477313973
CVE-2023-28771,11,22,-0.45046363636363634,-0.3482785714285714,-0.39937110389610386
CVE-2023-2868,27,19,-0.05386296296296296,-0.13718333333333332,-0.09552314814814813
CVE-2023-32409,3,0,-0.9397000000000001,N/A,N/A
CVE-2023-28204,2,0,-0.9849,N/A,N/A
CVE-2023-32373,2,0,-0.9849,N/A,N/A
CVE-2004-1464,1,0,-0.9989,N/A,N/A
CVE-2016-6415,1,0,-0.9989,N/A,N/A
CVE-2023-21492,1,0,-0.9989,N/A,N/A
CVE-2023-25717,5,14,-0.30294,-0.33015999999999995,-0.31655
CVE-2021-3560,7,0,0.0,N/A,N/A
CVE-2014-0196,7,88,0.024371428571428575,0.018491666666666663,0.02143154761904762
CVE-2010-3904,0,0,N/A,N/A,N/A
CVE-2015-5317,0,0,N/A,N/A,N/A
CVE-2016-3427,0,0,N/A,N/A,N/A
CVE-2016-8735,2,0,-0.35015,N/A,N/A
CVE-2023-29336,2,1,-0.45485,0.7177,0.13142500000000001
CVE-2023-1389,16,11,-0.30313125,0.004933333333333317,-0.14909895833333336
CVE-2021-45046,46,1027,-0.11843260869565217,0.035386181818181824,-0.041523213438735176
CVE-2023-21839,4,1,-0.24765,-0.6808,-0.464225
CVE-2023-28432,4,1,-0.5213,-0.1779,-0.3496
CVE-2023-27350,14,35,-0.39542857142857146,-0.0674125,-0.23142053571428572
CVE-2023-2136,9,5,-0.6196333333333333,-0.575,-0.5973166666666666
CVE-2017-6742,0,0,N/A,N/A,N/A
CVE-2019-8526,0,0,N/A,N/A,N/A
CVE-2023-2033,10,21,0.045009999999999994,0.09817692307692309,0.07159346153846155
CVE-2023-20963,2,0,-0.7489,N/A,N/A
CVE-2023-29492,1,0,-0.9949,N/A,N/A
CVE-2023-28252,6,30,-0.6016499999999999,-0.021600000000000005,-0.31162499999999993
CVE-2023-28205,6,10,-0.47628333333333334,0.03289999999999999,-0.22169166666666668
CVE-2023-28206,8,97,-0.3324875,0.05431290322580646,-0.13908729838709677
CVE-2021-27876,0,0,N/A,N/A,N/A
CVE-2021-27877,0,0,N/A,N/A,N/A
CVE-2021-27878,0,0,N/A,N/A,N/A
CVE-2019-1388,8,26,-0.02937499999999999,0.10977857142857143,0.04020178571428572
CVE-2023-26083,4,0,-0.738775,N/A,N/A
CVE-2022-27926,1,0,0.0,N/A,N/A
CVE-2013-3163,0,0,N/A,N/A,N/A
CVE-2017-7494,25,120,-0.283704,0.025920408163265306,-0.12889179591836736
CVE-2022-42948,1,0,0.0,N/A,N/A
CVE-2022-39197,4,0,0.0,N/A,N/A
CVE-2021-30900,1,0,0.9957,N/A,N/A
CVE-2022-38181,4,5,-0.126275,0.09759999999999998,-0.01433750000000001
CVE-2023-0266,2,4,0.743,0.4526,0.5978
CVE-2022-3038,2,0,-0.40815,N/A,N/A
CVE-2022-22706,3,4,-0.16813333333333333,0.4526,0.14223333333333332
CVE-2023-26360,10,3,-0.19901,0.21075,0.00587
CVE-2023-23397,119,1637,-0.10831176470588236,0.0684598076923077,-0.01992597850678733
CVE-2023-24880,6,52,-0.09023333333333333,-0.012247619047619049,-0.05124047619047619
CVE-2022-41328,8,47,-0.3759125,0.18419,-0.09586125
CVE-2021-39144,4,0,0.0,N/A,N/A
CVE-2020-5741,4,499,-0.48807500000000004,-0.04766578947368421,-0.2678703947368421
CVE-2022-28810,1,0,0.0,N/A,N/A
CVE-2022-33891,1,0,0.0,N/A,N/A
CVE-2022-35914,8,45,-0.3100125,0.2509,-0.029556250000000006
CVE-2022-36537,3,0,0.0,N/A,N/A
CVE-2022-47986,4,0,-0.2455,N/A,N/A
CVE-2022-41223,1,0,0.0,N/A,N/A
CVE-2022-40765,1,0,0.0,N/A,N/A
CVE-2022-46169,7,11,0.06935714285714285,0.3292,0.19927857142857142
CVE-2023-21715,1,0,-0.8827,N/A,N/A
CVE-2023-23376,6,17,-0.3208666666666667,-0.03632222222222223,-0.17859444444444444
CVE-2023-23529,9,19,-0.0865888888888889,0.57226,0.24283555555555555
CVE-2023-21823,4,3,-0.0021249999999999984,-0.2264,-0.11426249999999999
CVE-2015-2291,1,2,0.9649,0.4404,0.70265
CVE-2022-24990,1,0,0.0,N/A,N/A
CVE-2023-0669,6,46,-0.4957666666666667,-0.19227916666666667,-0.3440229166666667
CVE-2022-21587,1,2,0.0,N/A,N/A
CVE-2023-22952,1,0,0.0,N/A,N/A
CVE-2017-11357,0,0,N/A,N/A,N/A
CVE-2022-47966,28,4,-0.1888,-0.1421,-0.16544999999999999
CVE-2022-44877,7,17,0.06935714285714285,0.30195,0.18565357142857142
CVE-2022-41080,5,123,-0.19226,0.052069444444444446,-0.07009527777777777
CVE-2023-21674,2,0,-0.4401,N/A,N/A
CVE-2018-5430,0,0,N/A,N/A,N/A
CVE-2018-18809,0,0,N/A,N/A,N/A
CVE-2022-42856,6,0,-0.47583333333333333,N/A,N/A
CVE-2022-42475,46,279,-0.08473695652173913,0.17977731958762888,0.04752018153294488
CVE-2022-44698,2,0,-0.47105,N/A,N/A
CVE-2022-27518,9,18,-0.4770222222222222,0.13097777777777778,-0.1730222222222222
CVE-2022-26500,4,11,-0.15239999999999998,-0.0911,-0.12175
CVE-2022-26501,5,16,-0.2085,-0.014945454545454546,-0.11172272727272727
CVE-2022-4262,6,4,-0.4361333333333333,0.1499,-0.14311666666666667
CVE-2021-35587,3,0,0.0,N/A,N/A
CVE-2022-4135,6,3,-0.31295,-0.4952,-0.40407499999999996
CVE-2022-41049,3,0,0.0,N/A,N/A
CVE-2022-41091,4,0,-0.1498,N/A,N/A
CVE-2022-41073,2,0,-0.38855,N/A,N/A
CVE-2022-41125,3,8,-0.5628000000000001,-0.1245,-0.34365
CVE-2022-41128,3,0,-0.25903333333333334,N/A,N/A
CVE-2021-25337,0,0,N/A,N/A,N/A
CVE-2021-25369,0,0,N/A,N/A,N/A
CVE-2021-25370,0,0,N/A,N/A,N/A
CVE-2022-3723,3,0,-0.3196,N/A,N/A
CVE-2022-42827,5,0,-0.3799,N/A,N/A
CVE-2020-3433,1,2,0.0,-0.9054,-0.4527
CVE-2020-3153,2,44,0.9821,-0.19733333333333333,0.3923833333333333
CVE-2018-19323,1,1,0.0,-0.4404,-0.2202
CVE-2018-19322,0,0,N/A,N/A,N/A
CVE-2018-19321,2,1,0.0,0.5242,0.2621
CVE-2018-19320,0,0,N/A,N/A,N/A
CVE-2022-41352,12,5,-0.15945,-0.05326000000000001,-0.106355
CVE-2021-3493,9,8,-0.10446666666666667,-0.57745,-0.34095833333333336
CVE-2022-40684,45,226,-0.1926688888888889,0.07533287671232876,-0.058668006088280066
CVE-2022-41033,4,16,-0.3613,0.10156000000000001,-0.12986999999999999
CVE-2022-41082,37,263,-0.28947567567567567,0.08589875,-0.10178846283783784
CVE-2022-41040,27,129,-0.29208148148148144,0.041944736842105264,-0.1250683723196881
CVE-2022-36804,13,27,-0.1283153846153846,0.2351272727272727,0.05340594405594405
CVE-2022-3236,11,0,-0.2616454545454545,N/A,N/A
CVE-2022-35405,3,0,0.0,N/A,N/A
CVE-2022-40139,3,0,-0.6635666666666666,N/A,N/A
CVE-2013-6282,1,0,-0.296,N/A,N/A
CVE-2013-2597,0,0,N/A,N/A,N/A
CVE-2013-2596,0,0,N/A,N/A,N/A
CVE-2013-2094,8,52,-0.0355125,0.16247777777777778,0.06348263888888889
CVE-2010-2568,3,0,-0.6538,N/A,N/A
CVE-2022-37969,5,3,-0.23373999999999998,0.37566666666666665,0.07096333333333334
CVE-2022-32917,2,0,-0.4916,N/A,N/A
CVE-2022-3075,3,0,-0.6138333333333333,N/A,N/A
CVE-2022-27593,1,0,0.0,N/A,N/A
CVE-2022-26258,1,0,0.0,N/A,N/A
CVE-2020-9934,2,11,0.0,0.4026125,0.20130625
CVE-2018-7445,3,0,0.0,N/A,N/A
CVE-2018-6530,0,0,N/A,N/A,N/A
CVE-2018-2628,1,0,0.0,N/A,N/A
CVE-2018-13374,0,0,N/A,N/A,N/A
CVE-2017-5521,1,0,0.0,N/A,N/A
CVE-2011-4723,0,0,N/A,N/A,N/A
CVE-2011-1823,1,7,-0.9963,0.3405,-0.32789999999999997
CVE-2022-26352,3,0,-0.3304333333333333,N/A,N/A
CVE-2022-24706,1,0,0.0,N/A,N/A
CVE-2022-24112,3,0,0.0,N/A,N/A
CVE-2022-22963,10,33,-0.024530000000000007,-0.09136250000000001,-0.05794625000000001
CVE-2022-2294,3,0,-0.6477666666666667,N/A,N/A
CVE-2021-39226,1,0,0.0,N/A,N/A
CVE-2021-38406,4,5,-0.0050000000000000044,0.5961,0.29555
CVE-2021-31010,1,0,-0.9703,N/A,N/A
CVE-2020-36193,4,13,-0.42575,-0.23768000000000003,-0.33171500000000004
CVE-2020-28949,2,0,0.0,N/A,N/A
CVE-2022-0028,3,23,-0.3308666666666667,-0.5241,-0.4274833333333333
CVE-2022-22536,4,0,0.0,N/A,N/A
CVE-2022-32894,8,30,-0.5143375,-0.11523333333333333,-0.31478541666666665
CVE-2022-32893,7,25,-0.5629571428571428,-0.20837142857142857,-0.3856642857142857
CVE-2022-2856,1,0,0.2871,N/A,N/A
CVE-2022-26923,21,22,0.08053333333333333,0.10177272727272726,0.09115303030303029
CVE-2022-21971,2,0,0.28464999999999996,N/A,N/A
CVE-2017-15944,3,13,-0.054733333333333356,-0.3295166666666667,-0.19212500000000002
CVE-2022-27925,9,7,-0.10318888888888889,-0.3045333333333333,-0.2038611111111111
CVE-2022-37042,7,44,-0.21601428571428571,0.24408333333333335,0.014034523809523816
CVE-2022-34713,7,29,0.1359857142857143,-0.0259111111111111,0.05503730158730159
CVE-2022-30333,5,3,-0.19963999999999998,-0.34945,-0.274545
CVE-2022-27924,3,0,0.0,N/A,N/A
CVE-2022-26138,4,3,0.0,-0.05135,-0.025675
CVE-2022-22047,4,2,0.2064,0.4269,0.31665
CVE-2022-26925,7,59,-0.2569857142857143,-0.11880500000000001,-0.18789535714285716
CVE-2022-29499,2,0,0.0,N/A,N/A
CVE-2021-30533,0,0,N/A,N/A,N/A
CVE-2021-4034,50,644,0.015297999999999996,0.07708746438746439,0.04619273219373219
CVE-2021-30983,2,0,0.0009000000000000119,N/A,N/A
CVE-2020-3837,1,0,-0.9978,N/A,N/A
CVE-2020-9907,1,0,-0.9978,N/A,N/A
CVE-2019-8605,8,92,-0.124725,0.12956666666666664,0.0024208333333333165
CVE-2018-4344,1,0,-0.9978,N/A,N/A
CVE-2022-30190,82,472,-0.05851951219512194,0.15649583333333333,0.048988160569105696
CVE-2021-38163,1,3,-0.8658,0.0,-0.4329
CVE-2016-2386,3,3,-0.9108,0.23835,-0.336225
CVE-2016-2388,0,0,N/A,N/A,N/A
CVE-2019-7195,1,0,0.4329,N/A,N/A
CVE-2019-7194,1,0,0.4329,N/A,N/A
CVE-2019-7193,1,0,0.4329,N/A,N/A
CVE-2019-7192,1,0,0.4329,N/A,N/A
CVE-2019-5825,0,0,N/A,N/A,N/A
CVE-2019-15271,0,0,N/A,N/A,N/A
CVE-2018-6065,0,0,N/A,N/A,N/A
CVE-2018-4990,1,0,0.0,N/A,N/A
CVE-2018-17480,0,0,N/A,N/A,N/A
CVE-2018-17463,3,0,0.0,N/A,N/A
CVE-2017-6862,0,0,N/A,N/A,N/A
CVE-2017-5070,0,0,N/A,N/A,N/A
CVE-2017-5030,0,0,N/A,N/A,N/A
CVE-2016-5198,0,0,N/A,N/A,N/A
CVE-2016-1646,4,8,-0.889525,0.042600000000000006,-0.4234625
CVE-2013-1331,2,24,-0.49815,-0.13711666666666666,-0.3176333333333333
CVE-2012-5054,0,0,N/A,N/A,N/A
CVE-2012-4969,2,5,0.0,0.10563333333333334,0.05281666666666667
CVE-2012-1889,13,9,-0.30641538461538464,0.32606,0.009822307692307686
CVE-2012-0767,0,0,N/A,N/A,N/A
CVE-2012-0754,1,10,0.4291,0.3989,0.414
CVE-2012-0151,0,0,N/A,N/A,N/A
CVE-2011-2462,2,0,0.0,N/A,N/A
CVE-2011-0609,1,0,0.0,0.0,0.0
CVE-2010-2883,1,0,0.0,N/A,N/A
CVE-2010-2572,0,0,N/A,N/A,N/A
CVE-2010-1297,4,13,-0.134075,0.12908333333333333,-0.002495833333333336
CVE-2009-4324,2,21,0.0,-0.1331857142857143,-0.06659285714285715
CVE-2009-3953,0,0,N/A,N/A,N/A
CVE-2009-1862,2,4,-0.0020499999999999963,0.36555,0.18175
CVE-2009-0563,0,0,N/A,N/A,N/A
CVE-2009-0557,0,0,N/A,N/A,N/A
CVE-2008-0655,0,0,N/A,N/A,N/A
CVE-2007-5659,0,0,N/A,N/A,N/A
CVE-2006-2492,0,0,N/A,N/A,N/A
CVE-2022-26134,50,210,-0.191544,0.06453863636363637,-0.0635026818181818
CVE-2019-3010,3,17,0.0,0.1702,0.0851
CVE-2016-3393,0,0,N/A,N/A,N/A
CVE-2016-7256,0,0,N/A,N/A,N/A
CVE-2016-1010,3,1,0.0,0.7964,0.3982
CVE-2016-0984,0,0,N/A,N/A,N/A
CVE-2016-0034,14,15,-0.7972071428571429,0.5447111111111111,-0.12624801587301587
CVE-2015-0310,1,0,0.0,N/A,N/A
CVE-2015-0016,2,0,0.0,N/A,N/A
CVE-2015-0071,1,0,0.0,N/A,N/A
CVE-2015-2360,2,4,-0.997,0.3962,-0.3004
CVE-2015-2425,0,0,N/A,N/A,N/A
CVE-2015-1769,0,0,N/A,N/A,N/A
CVE-2015-4495,0,0,N/A,N/A,N/A
CVE-2015-8651,47,4,-0.523227659574468,0.73265,0.10471117021276599
CVE-2015-6175,107,0,0.5423,N/A,N/A
CVE-2015-1671,0,0,N/A,N/A,N/A
CVE-2014-4148,2,6,-0.9914,0.2787,-0.35634999999999994
CVE-2014-8439,2,0,0.0,N/A,N/A
CVE-2014-4123,0,0,N/A,N/A,N/A
CVE-2014-0546,0,0,N/A,N/A,N/A
CVE-2014-2817,1,0,-0.9977,N/A,N/A
CVE-2014-4077,0,0,N/A,N/A,N/A
CVE-2014-3153,9,49,-0.04353333333333333,0.15689999999999998,0.05668333333333333
CVE-2013-7331,0,0,N/A,N/A,N/A
CVE-2013-3993,0,0,N/A,N/A,N/A
CVE-2013-3896,1,0,0.0,N/A,N/A
CVE-2013-2423,0,0,N/A,N/A,N/A
CVE-2013-0431,4,17,-0.173125,-0.07759999999999999,-0.1253625
CVE-2013-0422,15,74,-0.11227333333333335,-0.17117666666666667,-0.14172500000000002
CVE-2013-0074,4,16,0.0017749999999999988,-0.061540000000000004,-0.029882500000000003
CVE-2012-1710,0,0,N/A,N/A,N/A
CVE-2010-1428,0,0,N/A,N/A,N/A
CVE-2010-0840,5,12,0.10754,0.05369999999999999,0.08062
CVE-2010-0738,1,0,0.0,N/A,N/A
CVE-2018-8611,14,6,0.0,-0.4894,-0.2447
CVE-2018-19953,0,0,N/A,N/A,N/A
CVE-2018-19949,0,0,N/A,N/A,N/A
CVE-2018-19943,0,0,N/A,N/A,N/A
CVE-2017-0147,2,3,-0.39544999999999997,-0.34,-0.36772499999999997
CVE-2017-0022,2,2,0.0,-0.6887,-0.34435
CVE-2017-0005,2,2,0.0,-0.4939,-0.24695
CVE-2017-0149,0,0,N/A,N/A,N/A
CVE-2017-0210,0,0,N/A,N/A,N/A
CVE-2017-8291,1,0,0.0,N/A,N/A
CVE-2017-8543,0,0,N/A,N/A,N/A
CVE-2017-18362,0,0,N/A,N/A,N/A
CVE-2016-0162,1,0,-0.9861,N/A,N/A
CVE-2016-3351,1,1,0.0,-0.5562,-0.2781
CVE-2016-4655,6,108,-0.3071833333333333,0.20921346153846151,-0.0489849358974359
CVE-2016-4656,7,139,-0.33631428571428573,0.21096721311475408,-0.06267353629976583
CVE-2016-4657,16,56,-0.18794375,0.394228,0.10314212500000002
CVE-2016-6366,1,0,0.5859,N/A,N/A
CVE-2016-6367,1,0,0.8126,N/A,N/A
CVE-2016-3298,0,0,N/A,N/A,N/A
CVE-2022-20821,2,0,0.0,N/A,N/A
CVE-2021-1048,8,108,-0.1041,0.022716666666666677,-0.04069166666666666
CVE-2021-0920,6,4,-0.33044999999999997,0.0,-0.16522499999999998
CVE-2021-30883,11,93,-0.26888181818181817,0.014743999999999997,-0.1270689090909091
CVE-2020-1027,1,0,-0.9925,N/A,N/A
CVE-2020-0638,0,0,N/A,N/A,N/A
CVE-2019-7286,1,0,0.0,N/A,N/A
CVE-2019-7287,0,0,N/A,N/A,N/A
CVE-2019-0676,1,0,-0.9923,N/A,N/A
CVE-2019-5786,8,9,0.02717500000000002,0.050216666666666666,0.038695833333333346
CVE-2019-0703,0,0,N/A,N/A,N/A
CVE-2019-0880,0,0,N/A,N/A,N/A
CVE-2019-13720,8,9,-0.0025249999999999995,0.09878,0.048127500000000004
CVE-2019-11707,8,7,-0.2584125,0.26765,0.004618750000000005
CVE-2019-11708,5,15,-0.5446799999999999,0.0523125,-0.24618374999999998
CVE-2019-8720,1,0,0.0,N/A,N/A
CVE-2019-18426,2,7,-0.9969,0.09106666666666667,-0.4529166666666667
CVE-2019-1385,0,0,N/A,N/A,N/A
CVE-2019-1130,1,0,-0.996,N/A,N/A
CVE-2018-5002,6,2,-0.31883333333333336,-0.08339999999999997,-0.20111666666666667
CVE-2018-8589,2,0,0.0,N/A,N/A
CVE-2022-30525,10,17,-0.25888,0.032614285714285714,-0.11313285714285715
CVE-2022-22947,4,0,-0.24965,N/A,N/A
CVE-2022-1388,41,83,-0.18898780487804878,-0.08022820512820512,-0.13460800500312695
CVE-2021-1789,1,0,0.0,N/A,N/A
CVE-2019-8506,0,0,N/A,N/A,N/A
CVE-2014-4113,10,17,-0.07006,-0.05653333333333334,-0.06329666666666667
CVE-2014-0322,4,7,-0.4467,-0.2004,-0.32355
CVE-2014-0160,48,448,0.058645833333333335,0.17070416666666666,0.114675
CVE-2022-29464,6,7,0.08095000000000001,-0.65745,-0.28825
CVE-2022-26904,1,0,-0.3205,N/A,N/A
CVE-2022-21919,1,0,0.0,N/A,N/A
CVE-2022-0847,36,243,-0.1703972222222222,0.02540919540229885,-0.07249401340996167
CVE-2021-41357,0,0,N/A,N/A,N/A
CVE-2021-40450,0,0,N/A,N/A,N/A
CVE-2019-1003029,0,0,N/A,N/A,N/A
CVE-2018-6882,0,0,N/A,N/A,N/A
CVE-2019-3568,11,51,-0.3065090909090909,-0.20579375,-0.2561514204545454
CVE-2022-22718,4,27,0.0,-0.15675833333333333,-0.07837916666666667
CVE-2022-22960,6,3,-0.6645500000000001,0.3296333333333334,-0.16745833333333335
CVE-2022-1364,2,0,-0.49855,N/A,N/A
CVE-2019-3929,0,0,N/A,N/A,N/A
CVE-2019-16057,0,0,N/A,N/A,N/A
CVE-2018-7841,0,0,N/A,N/A,N/A
CVE-2016-4523,1,0,-0.7506,N/A,N/A
CVE-2014-0780,0,0,N/A,N/A,N/A
CVE-2010-5330,0,0,N/A,N/A,N/A
CVE-2007-3010,1,1,-0.9962,0.0,-0.4981
CVE-2022-22954,20,21,-0.254615,0.14025384615384617,-0.0571805769230769
CVE-2022-24521,2,3,-0.4784,0.4314,-0.023499999999999993
CVE-2018-7602,5,3,-0.17250000000000001,-0.79365,-0.483075
CVE-2018-20753,0,0,N/A,N/A,N/A
CVE-2015-5123,4,5,-0.50495,0.6160333333333333,0.055541666666666656
CVE-2015-5122,7,102,-0.17385714285714288,0.02417878787878788,-0.0748391774891775
CVE-2015-3113,6,4,-0.15548333333333333,0.0,-0.07774166666666667
CVE-2015-2502,2,0,0.0,N/A,N/A
CVE-2015-0313,7,51,-0.12162857142857143,-0.013994117647058829,-0.06781134453781514
CVE-2015-0311,6,8,-0.16546666666666668,-0.1526,-0.15903333333333336
CVE-2014-9163,0,0,N/A,N/A,N/A
CVE-2022-23176,0,0,N/A,N/A,N/A
CVE-2021-42287,41,119,0.02042439024390244,-0.03267272727272728,-0.006124168514412418
CVE-2021-42278,28,40,-0.10982142857142858,-0.07522777777777778,-0.09252460317460318
CVE-2021-39793,1,0,-0.9982,N/A,N/A
CVE-2021-27852,0,0,N/A,N/A,N/A
CVE-2021-22600,7,237,0.042599999999999985,0.16421451612903226,0.10340725806451612
CVE-2020-2509,3,46,-0.6248666666666667,0.03500000000000002,-0.2949333333333333
CVE-2017-11317,0,0,N/A,N/A,N/A
CVE-2021-3156,115,964,-0.07249478260869566,0.022337366548042702,-0.025078708030326476
CVE-2021-31166,12,27,0.020441666666666664,-0.10684,-0.04319916666666667
CVE-2017-0148,1,2,0.2023,-0.34,-0.06885000000000001
CVE-2022-22965,41,133,-0.15988780487804877,0.05763833333333333,-0.05112473577235772
CVE-2022-22675,10,32,0.06592,-0.013188888888888892,0.02636555555555556
CVE-2022-22674,10,32,0.06592,-0.013188888888888892,0.02636555555555556
CVE-2021-45382,0,0,N/A,N/A,N/A
CVE-2022-26871,3,1,-0.27016666666666667,0.0,-0.13508333333333333
CVE-2022-1040,10,3,-0.37259000000000003,0.0,-0.18629500000000002
CVE-2021-34484,3,22,-0.20509999999999998,-0.019646666666666663,-0.11237333333333333
CVE-2021-28799,3,27,-0.29893333333333333,-0.04888888888888889,-0.1739111111111111
CVE-2021-21551,43,127,0.021616279069767444,0.07881521739130434,0.050215748230535893
CVE-2018-10562,8,67,-0.8119625,-0.22771176470588234,-0.5198371323529412
CVE-2018-10561,4,31,-0.47975,-0.3194181818181818,-0.3995840909090909
CVE-2022-1096,29,612,-0.07025172413793104,0.09339747899159664,0.0115728774268328
CVE-2022-0543,4,1,-0.249175,N/A,N/A
CVE-2021-38646,0,0,N/A,N/A,N/A
CVE-2021-34486,2,0,0.0,N/A,N/A
CVE-2021-26085,1,0,-0.9633,N/A,N/A
CVE-2021-20028,3,0,-0.33290000000000003,N/A,N/A
CVE-2019-7483,0,0,N/A,N/A,N/A
CVE-2018-8440,0,0,N/A,N/A,N/A
CVE-2018-8406,0,0,N/A,N/A,N/A
CVE-2018-8405,0,0,N/A,N/A,N/A
CVE-2017-0213,3,21,-0.2577,0.061287499999999995,-0.09820625
CVE-2017-0059,0,0,N/A,N/A,N/A
CVE-2017-0037,1,0,0.0,N/A,N/A
CVE-2016-7201,1,0,0.0,N/A,N/A
CVE-2016-7200,1,0,0.0,N/A,N/A
CVE-2016-0189,4,0,-0.44785,N/A,N/A
CVE-2016-0151,0,0,N/A,N/A,N/A
CVE-2016-0040,0,0,N/A,N/A,N/A
CVE-2015-2426,2,5,0.49995,0.0,0.249975
CVE-2015-2419,4,0,0.194825,N/A,N/A
CVE-2015-1770,0,0,N/A,N/A,N/A
CVE-2013-3660,2,1,0.0,0.6249,0.31245
CVE-2013-2729,2,5,-0.7162999999999999,-0.25238,-0.48434
CVE-2013-2551,2,0,0.0,N/A,N/A
CVE-2013-2465,1,0,0.0,N/A,N/A
CVE-2013-1690,0,0,N/A,N/A,N/A
CVE-2012-5076,2,8,0.0,0.016133333333333333,0.008066666666666666
CVE-2012-2539,0,0,N/A,N/A,N/A
CVE-2012-2034,0,0,N/A,N/A,N/A
CVE-2012-0518,0,0,N/A,N/A,N/A
CVE-2011-2005,11,49,0.46984545454545457,0.24374444444444446,0.3567949494949495
CVE-2010-4398,0,0,N/A,N/A,N/A
CVE-2022-26318,3,4,-0.3252,0.5563,0.11555000000000001
CVE-2022-26143,13,12,-0.22443846153846153,0.50405,0.13980576923076923
CVE-2022-21999,3,3,-0.3252,N/A,N/A
CVE-2021-42237,0,0,N/A,N/A,N/A
CVE-2021-22941,5,0,0.0,N/A,N/A
CVE-2020-9377,0,0,N/A,N/A,N/A
CVE-2020-9054,1,8,-0.9804,-0.5667666666666666,-0.7735833333333333
CVE-2020-7247,11,31,-0.07278181818181818,-0.12143846153846154,-0.09711013986013986
CVE-2020-5410,1,0,0.0,N/A,N/A
CVE-2020-25223,3,3,0.0,0.4581,0.22905
CVE-2020-2506,0,0,N/A,N/A,N/A
CVE-2020-2021,233,3008,0.014236480686695276,0.16235104270109235,0.08829376169389382
CVE-2020-1956,2,7,-0.4993,0.5393,0.01999999999999999
CVE-2020-1631,1,0,-0.9874,N/A,N/A
CVE-2019-6340,11,17,-0.24982727272727273,0.07331818181818182,-0.08825454545454545
CVE-2019-2616,1,0,-0.996,N/A,N/A
CVE-2019-16920,0,0,N/A,N/A,N/A
CVE-2019-15107,2,43,0.4496,0.26023333333333337,0.35491666666666666
CVE-2019-12991,0,0,N/A,N/A,N/A
CVE-2019-12989,0,0,N/A,N/A,N/A
CVE-2019-11043,9,267,0.2236111111111111,0.15607297297297298,0.18984204204204203
CVE-2019-10068,0,0,N/A,N/A,N/A
CVE-2019-1003030,0,0,N/A,N/A,N/A
CVE-2019-0903,2,29,-0.54465,-0.19349285714285713,-0.36907142857142855
CVE-2018-8414,1,0,-0.9997,N/A,N/A
CVE-2018-8373,2,0,0.0,N/A,N/A
CVE-2018-6961,0,0,N/A,N/A,N/A
CVE-2018-14839,0,0,N/A,N/A,N/A
CVE-2018-1273,2,0,-0.498,N/A,N/A
CVE-2018-11138,0,0,N/A,N/A,N/A
CVE-2018-0147,1,0,-0.9809,N/A,N/A
CVE-2018-0125,0,0,N/A,N/A,N/A
CVE-2017-6334,0,0,N/A,N/A,N/A
CVE-2017-6316,0,0,N/A,N/A,N/A
CVE-2017-3881,3,35,-0.3312,-0.09214999999999998,-0.211675
CVE-2017-12617,4,5,-0.184875,-0.10690000000000001,-0.1458875
CVE-2017-12615,3,2,-0.6615000000000001,-0.5574,-0.60945
CVE-2017-0146,2,3,-0.39544999999999997,-0.34,-0.36772499999999997
CVE-2016-7892,0,0,N/A,N/A,N/A
CVE-2016-4171,4,2,0.0129,0.1591,0.086
CVE-2016-1555,0,0,N/A,N/A,N/A
CVE-2016-11021,0,0,N/A,N/A,N/A
CVE-2016-10174,0,0,N/A,N/A,N/A
CVE-2016-0752,3,39,-0.2935666666666667,-0.12571,-0.20963833333333334
CVE-2015-4068,0,0,N/A,N/A,N/A
CVE-2015-3035,1,0,0.0,N/A,N/A
CVE-2015-1427,8,27,-0.1246,-0.03125333333333334,-0.07792666666666667
CVE-2015-1187,3,0,-0.3325666666666667,N/A,N/A
CVE-2015-0666,0,0,N/A,N/A,N/A
CVE-2014-6332,2,23,-0.1244,0.0911,-0.016649999999999998
CVE-2014-6324,8,152,-0.185975,0.053765853658536575,-0.0661045731707317
CVE-2014-6287,2,2,-0.9922500000000001,-0.5574,-0.7748250000000001
CVE-2014-3120,0,0,N/A,N/A,N/A
CVE-2014-0130,1,5,0.0,0.8348,0.4174
CVE-2013-5223,0,0,N/A,N/A,N/A
CVE-2013-4810,0,0,N/A,N/A,N/A
CVE-2013-2251,0,0,N/A,N/A,N/A
CVE-2012-1823,9,53,-0.35471111111111114,0.07755925925925926,-0.13857592592592594
CVE-2010-4345,0,0,N/A,N/A,N/A
CVE-2010-4344,0,0,N/A,N/A,N/A
CVE-2010-3035,0,0,N/A,N/A,N/A
CVE-2010-2861,2,3,0.4555,-0.0121,0.2217
CVE-2009-2055,0,0,N/A,N/A,N/A
CVE-2009-1151,0,0,N/A,N/A,N/A
CVE-2009-0927,2,1,0.0,0.8777,0.43885
CVE-2005-2773,0,0,N/A,N/A,N/A
CVE-2020-5135,3,8,-0.4197,0.25,-0.08485000000000001
CVE-2019-1405,4,4,0.0,-0.21075,-0.105375
CVE-2019-1322,5,10,0.17744,0.13323333333333331,0.15533666666666665
CVE-2019-1315,4,7,-0.745575,0.44802,-0.1487775
CVE-2019-1253,0,0,N/A,N/A,N/A
CVE-2019-1132,1,0,0.0,N/A,N/A
CVE-2019-1129,0,0,N/A,N/A,N/A
CVE-2019-1069,2,2,-0.10155,0.3404,0.11942499999999999
CVE-2019-1064,0,0,N/A,N/A,N/A
CVE-2019-0841,2,10,0.0,0.15915,0.079575
CVE-2019-0543,2,9,0.46900000000000003,0.0,0.23450000000000001
CVE-2018-8120,0,0,N/A,N/A,N/A
CVE-2017-0101,0,0,N/A,N/A,N/A
CVE-2016-3309,6,0,0.06846666666666666,N/A,N/A
CVE-2015-2546,4,11,-0.5171250000000001,0.48206,-0.017532500000000034
CVE-2022-26486,10,7,-0.40793,-0.06742500000000001,-0.2376775
CVE-2022-26485,8,5,-0.4887,-0.45305,-0.47087500000000004
CVE-2021-21973,0,0,N/A,N/A,N/A
CVE-2020-8218,1,4,0.0,0.506325,0.2531625
CVE-2019-11581,0,0,N/A,N/A,N/A
CVE-2017-6077,0,0,N/A,N/A,N/A
CVE-2016-6277,0,0,N/A,N/A,N/A
CVE-2013-0631,0,0,N/A,N/A,N/A
CVE-2013-0629,0,0,N/A,N/A,N/A
CVE-2013-0625,0,0,N/A,N/A,N/A
CVE-2009-3960,2,5,-0.040649999999999964,0.37545,0.16740000000000002
CVE-2022-20708,3,0,-0.3328,N/A,N/A
CVE-2022-20703,3,0,-0.3328,N/A,N/A
CVE-2022-20701,3,0,-0.3328,N/A,N/A
CVE-2022-20700,4,0,-0.2496,N/A,N/A
CVE-2022-20699,3,0,-0.3328,N/A,N/A
CVE-2021-41379,6,87,-0.3449333333333333,0.10229333333333333,-0.12131999999999998
CVE-2020-1938,18,116,-0.05539444444444444,0.11796458333333333,0.031285069444444445
CVE-2020-11899,1,13,-0.2683,0.21711666666666665,-0.025591666666666665
CVE-2019-16928,0,0,N/A,N/A,N/A
CVE-2019-1652,1,0,-0.9888,N/A,N/A
CVE-2019-1297,0,0,N/A,N/A,N/A
CVE-2018-8581,4,26,-0.01502500000000001,-0.13706666666666667,-0.07604583333333334
CVE-2018-8298,0,0,N/A,N/A,N/A
CVE-2018-0180,0,0,N/A,N/A,N/A
CVE-2018-0179,0,0,N/A,N/A,N/A
CVE-2018-0175,0,0,N/A,N/A,N/A
CVE-2018-0174,1,0,0.9966,N/A,N/A
CVE-2018-0173,0,0,N/A,N/A,N/A
CVE-2018-0172,0,0,N/A,N/A,N/A
CVE-2018-0167,0,0,N/A,N/A,N/A
CVE-2018-0161,0,0,N/A,N/A,N/A
CVE-2018-0159,0,0,N/A,N/A,N/A
CVE-2018-0158,4,7,-0.42967500000000003,0.10606666666666666,-0.1618041666666667
CVE-2018-0156,1,6,0.0,0.4909833333333333,0.24549166666666666
CVE-2018-0155,0,0,N/A,N/A,N/A
CVE-2018-0154,0,0,N/A,N/A,N/A
CVE-2018-0151,0,0,N/A,N/A,N/A
CVE-2017-8540,0,0,N/A,N/A,N/A
CVE-2017-6744,0,0,N/A,N/A,N/A
CVE-2017-6743,0,0,N/A,N/A,N/A
CVE-2017-6740,0,0,N/A,N/A,N/A
CVE-2017-6739,0,0,N/A,N/A,N/A
CVE-2017-6738,0,0,N/A,N/A,N/A
CVE-2017-6737,2,30,0.33165,0.2969,0.31427499999999997
CVE-2017-6736,2,6,-0.43745,0.0722,-0.182625
CVE-2017-6663,0,0,N/A,N/A,N/A
CVE-2017-6627,0,0,N/A,N/A,N/A
CVE-2017-12319,0,0,N/A,N/A,N/A
CVE-2017-12240,1,2,0.4877,0.3966,0.44215000000000004
CVE-2017-12238,0,0,N/A,N/A,N/A
CVE-2017-12237,0,0,N/A,N/A,N/A
CVE-2017-12235,0,0,N/A,N/A,N/A
CVE-2017-12234,0,0,N/A,N/A,N/A
CVE-2017-12233,0,0,N/A,N/A,N/A
CVE-2017-12232,0,0,N/A,N/A,N/A
CVE-2017-12231,0,0,N/A,N/A,N/A
CVE-2017-11826,8,17,0.0,-0.4627666666666667,-0.23138333333333336
CVE-2017-11292,4,0,0.0,N/A,N/A
CVE-2017-0261,0,0,N/A,N/A,N/A
CVE-2017-0001,4,1,-0.620825,0.6597,0.019437499999999996
CVE-2016-8562,0,0,N/A,N/A,N/A
CVE-2016-7855,1,0,0.0,N/A,N/A
CVE-2016-7262,1,3,-0.8975,0.0,-0.44875
CVE-2016-7193,0,0,N/A,N/A,N/A
CVE-2016-5195,45,325,-0.062031111111111106,0.12396016260162601,0.030964525745257453
CVE-2016-4117,1,47,0.0,-0.0732125,-0.03660625
CVE-2016-1019,3,6,-0.6646666666666666,0.26413333333333333,-0.20026666666666665
CVE-2016-0099,1,0,0.5423,N/A,N/A
CVE-2015-7645,2,1,0.0,0.2023,0.10115
CVE-2015-5119,8,65,0.033100000000000004,0.014862068965517242,0.023981034482758623
CVE-2015-4902,23,0,-0.7268999999999999,N/A,N/A
CVE-2015-3043,6,4,-0.66315,-0.6512,-0.6571750000000001
CVE-2015-2590,0,0,N/A,N/A,N/A
CVE-2015-2545,6,8,0.16665,0.29417499999999996,0.23041249999999996
CVE-2015-2424,0,0,N/A,N/A,N/A
CVE-2015-2387,0,0,N/A,N/A,N/A
CVE-2015-1701,6,9,-0.4965,-0.39072,-0.44361
CVE-2015-1642,0,0,N/A,N/A,N/A
CVE-2014-4114,17,169,0.0,-0.184658,-0.092329
CVE-2014-0496,0,0,N/A,N/A,N/A
CVE-2013-5065,6,24,-0.16643333333333335,0.006066666666666677,-0.08018333333333334
CVE-2013-3897,1,5,0.0,-0.32026666666666664,-0.16013333333333332
CVE-2013-3346,3,1,0.0,-0.7845,-0.39225
CVE-2013-1675,1,5,0.5423,0.4716,0.50695
CVE-2013-1347,0,0,N/A,N/A,N/A
CVE-2013-0641,2,1,0.0,0.0,0.0
CVE-2013-0640,2,1,0.0,0.0,0.0
CVE-2013-0632,0,0,N/A,N/A,N/A
CVE-2012-4681,10,19,0.0,0.2637,0.13185
CVE-2012-1856,2,5,0.0,-0.045566666666666644,-0.022783333333333322
CVE-2012-1723,6,30,-0.6586,-0.29685,-0.47772499999999996
CVE-2012-1535,3,8,-0.24026666666666666,-0.12130000000000002,-0.18078333333333335
CVE-2012-0507,3,4,-0.327,-0.297,-0.312
CVE-2011-3544,4,10,-0.6534,0.6351,-0.009149999999999991
CVE-2011-1889,2,4,-0.997,0.3962,-0.3004
CVE-2011-0611,0,0,N/A,N/A,N/A
CVE-2010-3333,3,9,0.292,-0.144725,0.0736375
CVE-2010-0232,0,0,N/A,N/A,N/A
CVE-2010-0188,4,4,-0.234375,0.41205,0.08883750000000001
CVE-2009-3129,0,0,N/A,N/A,N/A
CVE-2009-1123,1,0,0.9241,N/A,N/A
CVE-2008-3431,0,0,N/A,N/A,N/A
CVE-2008-2992,0,0,N/A,N/A,N/A
CVE-2004-0210,0,0,N/A,N/A,N/A
CVE-2002-0367,0,0,N/A,N/A,N/A
CVE-2022-24682,2,0,-0.4369,N/A,N/A
CVE-2017-8570,4,1,-0.468375,0.8211,0.17636250000000003
CVE-2017-0222,1,0,-0.8738,N/A,N/A
CVE-2014-6352,3,0,-0.2912666666666667,N/A,N/A
CVE-2022-23131,6,4,0.12510000000000002,0.07933333333333331,0.10221666666666666
CVE-2022-23134,2,2,0.3753,-0.4449,-0.0348
CVE-2022-24086,16,38,-0.021612499999999996,-0.08055714285714285,-0.051084821428571424
CVE-2022-0609,13,12,-0.6081384615384615,0.15774,-0.22519923076923076
CVE-2019-0752,1,4,0.0,-0.4215,-0.21075
CVE-2018-8174,12,8,-0.03812500000000001,-0.16292,-0.10052250000000001
CVE-2018-20250,12,41,-0.18158333333333332,0.1307,-0.025441666666666654
CVE-2018-15982,8,15,-0.2073875,0.049600000000000005,-0.07889375
CVE-2017-9841,4,11,-0.25670000000000004,0.0009500000000000064,-0.12787500000000002
CVE-2014-1761,8,7,-0.24911250000000001,0.3405,0.045693750000000005
CVE-2013-3906,5,8,-0.14416,-0.12130000000000002,-0.13273000000000001
CVE-2022-22620,8,89,0.043837499999999995,-0.012921052631578943,0.015458223684210525
CVE-2021-36934,27,224,0.1567222222222222,0.2902,0.2234611111111111
CVE-2020-0796,42,245,-0.11067619047619047,-0.016667368421052632,-0.06367177944862155
CVE-2018-1000861,2,0,0.0,N/A,N/A
CVE-2017-9791,1,3,0.0,-0.2986,-0.1493
CVE-2017-8464,2,2,-0.9922500000000001,-0.5574,-0.7748250000000001
CVE-2017-10271,2,4,-0.48765,-0.3346,-0.41112499999999996
CVE-2017-0263,3,3,0.0,-0.6556500000000001,-0.32782500000000003
CVE-2017-0262,2,3,0.0,0.5883499999999999,0.29417499999999996
CVE-2017-0145,2,6,-0.39735,0.02063333333333332,-0.18835833333333332
CVE-2017-0144,11,9,-0.40990909090909095,0.151825,-0.12904204545454548
CVE-2016-3088,1,0,0.0,N/A,N/A
CVE-2015-2051,1,1,-0.9991,0.8169,-0.09110000000000001
CVE-2015-1635,10,90,-0.37636000000000003,-0.16778064516129032,-0.2720703225806452
CVE-2015-1130,0,0,N/A,N/A,N/A
CVE-2014-4404,0,0,N/A,N/A,N/A
CVE-2022-21882,13,1,0.0,-0.8299,-0.41495
CVE-2022-22587,4,0,-0.290525,N/A,N/A
CVE-2021-20038,6,43,-0.26863333333333334,-0.19698181818181817,-0.23280757575757577
CVE-2020-5722,1,2,-0.9999,0.3182,-0.34085
CVE-2020-0787,0,0,N/A,N/A,N/A
CVE-2017-5689,6,41,-0.07356666666666666,-0.09528571428571429,-0.08442619047619047
CVE-2014-1776,11,22,-0.08505454545454545,-0.21825714285714287,-0.15165584415584416
CVE-2014-6271,69,617,-0.21830289855072466,0.07204690265486725,-0.07312799794792871
CVE-2014-7169,25,112,-0.251216,-0.016734,-0.133975
CVE-2006-1547,0,0,N/A,N/A,N/A
CVE-2012-0391,0,0,N/A,N/A,N/A
CVE-2018-8453,4,0,-0.248625,N/A,N/A
CVE-2021-35247,1,0,0.0,N/A,N/A
CVE-2021-32648,4,1,0.0,-0.5106,-0.2553
CVE-2021-25296,0,0,N/A,N/A,N/A
CVE-2021-25297,0,0,N/A,N/A,N/A
CVE-2021-25298,1,0,0.0,N/A,N/A
CVE-2021-40870,0,0,N/A,N/A,N/A
CVE-2021-33766,2,38,-0.2014,0.2900181818181818,0.044309090909090895
CVE-2021-21975,1,0,0.0,N/A,N/A
CVE-2021-21315,2,0,-0.4978,N/A,N/A
CVE-2021-22991,0,0,N/A,N/A,N/A
CVE-2020-14864,0,0,N/A,N/A,N/A
CVE-2020-13671,3,0,0.0,N/A,N/A
CVE-2020-11978,0,0,N/A,N/A,N/A
CVE-2020-13927,0,0,N/A,N/A,N/A
CVE-2021-22017,1,0,-0.9996,N/A,N/A
CVE-2021-36260,17,49,-0.18101764705882353,-0.18005,-0.18053382352941177
CVE-2020-6572,0,0,N/A,N/A,N/A
CVE-2019-1458,6,17,-0.16475,0.003925000000000008,-0.0804125
CVE-2013-3900,30,250,0.33419000000000004,0.2646310679611651,0.2994105339805826
CVE-2019-2725,11,58,-0.6718000000000001,-0.10041666666666667,-0.3861083333333334
CVE-2019-9670,2,2,0.0,0.33265,0.166325
CVE-2018-13382,1,16,-0.7351,-0.059899999999999995,-0.39749999999999996
CVE-2018-13383,0,0,N/A,N/A,N/A
CVE-2019-1579,2,9,-0.2254,0.17477142857142858,-0.025314285714285706
CVE-2019-10149,13,34,-0.21266153846153849,0.11816666666666666,-0.047247435897435915
CVE-2015-7450,13,0,0.3612000000000001,N/A,N/A
CVE-2017-1000486,0,0,N/A,N/A,N/A
CVE-2019-7609,2,1,0.0,0.4926,0.2463
CVE-2021-27860,1,0,0.0,N/A,N/A
CVE-2021-43890,5,123,-0.36724,-0.11065806451612901,-0.23894903225806452
CVE-2021-4102,3,5,-0.4503,0.002150000000000013,-0.22407499999999997
CVE-2021-44515,4,0,0.0,N/A,N/A
CVE-2019-13272,0,0,N/A,N/A,N/A
CVE-2021-35394,1,0,0.0,N/A,N/A
CVE-2019-7238,0,0,N/A,N/A,N/A
CVE-2019-0193,8,0,0.0,N/A,N/A
CVE-2021-44168,2,11,0.0,0.09586666666666667,0.047933333333333335
CVE-2017-17562,1,0,-0.6124,N/A,N/A
CVE-2017-12149,2,1,-0.4936,0.0,-0.2468
CVE-2010-1871,1,0,0.9241,N/A,N/A
CVE-2020-17463,0,0,N/A,N/A,N/A
CVE-2020-8816,3,0,0.0,N/A,N/A
CVE-2019-10758,0,0,N/A,N/A,N/A
CVE-2021-44228,234,2652,-0.11368717948717948,0.04597670915411356,-0.03385523516653296
CVE-2020-11261,1,0,-0.9937,N/A,N/A
CVE-2018-14847,4,51,-0.07529999999999999,0.23931666666666665,0.08200833333333332
CVE-2021-37415,0,0,N/A,N/A,N/A
CVE-2021-40438,10,24,-0.015569999999999995,0.06566470588235294,0.025047352941176475
CVE-2021-44077,3,8,0.0,0.2816166666666667,0.14080833333333334
CVE-2021-22204,7,12,-0.11294285714285714,-0.64828,-0.38061142857142855
CVE-2021-40449,7,24,-0.2173142857142857,0.04209333333333333,-0.08761047619047618
CVE-2021-42321,11,103,-0.19945454545454544,-0.11046875,-0.15496164772727272
CVE-2021-42292,3,7,-0.014333333333333309,-0.6335,-0.32391666666666663
CVE-2021-27104,1,0,-0.9862,N/A,N/A
CVE-2021-27102,1,0,-0.9862,N/A,N/A
CVE-2021-27101,1,0,-0.9862,N/A,N/A
CVE-2021-27103,1,0,-0.9862,N/A,N/A
CVE-2021-21017,0,0,N/A,N/A,N/A
CVE-2021-28550,0,0,N/A,N/A,N/A
CVE-2018-4939,2,18,0.296,-0.2386,0.02869999999999999
CVE-2018-15961,2,0,0.0,N/A,N/A
CVE-2018-4878,19,104,-0.19895789473684208,0.002755999999999998,-0.09810094736842104
CVE-2020-5735,1,2,0.5994,0.42265,0.5110250000000001
CVE-2019-2215,12,48,-0.32694166666666663,0.12611,-0.10041583333333332
CVE-2020-0041,4,0,0.0,N/A,N/A
CVE-2020-0069,0,0,N/A,N/A,N/A
CVE-2017-9805,15,29,-0.13380666666666666,0.061195238095238094,-0.03630571428571428
CVE-2021-42013,8,18,-0.1960125,0.26663749999999997,0.03531249999999998
CVE-2021-41773,46,82,-0.07146956521739131,0.056471739130434774,-0.007498913043478269
CVE-2019-0211,15,57,-0.26808000000000004,0.15183333333333335,-0.058123333333333346
CVE-2016-4437,2,2,-0.5365,0.1591,-0.18869999999999998
CVE-2019-17558,1,0,0.0,N/A,N/A
CVE-2020-17530,0,0,N/A,N/A,N/A
CVE-2017-5638,26,124,-0.29949230769230767,-0.08014318181818182,-0.18981774475524474
CVE-2018-11776,20,45,-0.03545,-0.0994421052631579,-0.06744605263157895
CVE-2021-30858,5,2,-0.37266,0.2732,-0.049729999999999996
CVE-2019-6223,0,0,N/A,N/A,N/A
CVE-2021-30860,16,98,-0.1494625,0.03599347826086957,-0.05673451086956521
CVE-2020-27930,1,14,0.0,-0.16225,-0.081125
CVE-2021-30807,10,39,-0.16222999999999999,0.0835375,-0.03934624999999999
CVE-2020-27950,2,5,-0.2787,-0.23835,-0.258525
CVE-2020-27932,2,72,0.0,0.10484999999999998,0.05242499999999999
CVE-2020-9818,1,0,0.0,N/A,N/A
CVE-2020-9819,0,0,N/A,N/A,N/A
CVE-2021-30762,1,0,-0.3939,N/A,N/A
CVE-2021-1782,2,14,0.0,-0.16225,-0.081125
CVE-2021-1870,2,14,0.4238,0.05318571428571428,0.23849285714285715
CVE-2021-1871,2,16,-0.5570999999999999,0.06438571428571428,-0.24635714285714283
CVE-2021-1879,4,0,-0.248675,N/A,N/A
CVE-2021-30661,5,0,0.19844,N/A,N/A
CVE-2021-30666,2,0,0.02959999999999996,N/A,N/A
CVE-2021-30713,2,17,0.05895,0.08962857142857142,0.07428928571428571
CVE-2021-30657,2,0,0.4961,N/A,N/A
CVE-2021-30665,1,0,0.9922,N/A,N/A
CVE-2021-30663,2,3,0.4961,0.4973,0.49670000000000003
CVE-2021-30761,1,0,-0.3939,N/A,N/A
CVE-2021-30869,7,1,-0.2814285714285714,N/A,N/A
CVE-2020-9859,7,33,0.3185571428571428,0.04963888888888889,0.18409801587301586
CVE-2021-20090,6,11,-0.32121666666666665,0.3130857142857143,-0.004065476190476175
CVE-2021-27562,0,0,N/A,N/A,N/A
CVE-2021-28664,0,0,N/A,N/A,N/A
CVE-2021-28663,1,1,-0.9593,0.4939,-0.23270000000000002
CVE-2019-3398,0,0,N/A,N/A,N/A
CVE-2021-26084,25,186,-0.258392,0.05161016949152542,-0.1033909152542373
CVE-2019-11580,4,18,0.148,-0.2386,-0.04530000000000001
CVE-2019-3396,7,21,-0.3394142857142857,-0.34632,-0.34286714285714287
CVE-2021-42258,0,0,N/A,N/A,N/A
CVE-2020-3452,5,5,-0.016480000000000005,0.2202,0.10186
CVE-2020-3580,2,10,-0.1901,-0.055499999999999994,-0.12279999999999999
CVE-2021-1497,2,2,-0.43195,0.0,-0.215975
CVE-2021-1498,0,0,N/A,N/A,N/A
CVE-2018-0171,5,139,-0.12596,0.13957142857142857,0.00680571428571429
CVE-2020-3118,3,18,0.19733333333333333,-0.2386,-0.020633333333333337
CVE-2020-3566,3,238,0.27863333333333334,0.1651625,0.22189791666666667
CVE-2020-3569,0,0,N/A,N/A,N/A
CVE-2020-3161,0,0,N/A,N/A,N/A
CVE-2019-1653,7,126,-0.013142857142857154,-0.03825952380952381,-0.02570119047619048
CVE-2018-0296,9,34,-0.5317444444444445,-0.12796521739130434,-0.3298548309178744
CVE-2019-13608,1,6,0.0,-0.8674,-0.4337
CVE-2020-8193,8,19,0.074,-0.14755555555555555,-0.03677777777777778
CVE-2020-8195,8,19,0.074,-0.14755555555555555,-0.03677777777777778
CVE-2020-8196,8,19,0.074,-0.14755555555555555,-0.03677777777777778
CVE-2019-19781,54,529,-0.0004981481481481456,0.02536120218579235,0.012431527018822101
CVE-2019-11634,1,6,-0.9449,-0.09484999999999999,-0.519875
CVE-2020-29557,0,0,N/A,N/A,N/A
CVE-2020-25506,0,0,N/A,N/A,N/A
CVE-2018-15811,0,0,N/A,N/A,N/A
CVE-2018-18325,0,0,N/A,N/A,N/A
CVE-2017-9822,2,15,-0.9256500000000001,-0.651725,-0.7886875
CVE-2019-15752,0,0,N/A,N/A,N/A
CVE-2020-8515,5,45,-0.0020400000000000027,-0.007831250000000005,-0.004935625000000004
CVE-2018-7600,11,83,-0.05583636363636364,-0.096672,-0.07625418181818182
CVE-2021-22205,14,43,-0.19515,0.10927499999999998,-0.0429375
CVE-2018-6789,15,47,-0.09638666666666666,-0.077375,-0.08688083333333332
CVE-2020-8657,0,0,N/A,N/A,N/A
CVE-2020-8655,0,0,N/A,N/A,N/A
CVE-2020-5902,31,142,-0.1640258064516129,0.008770588235294115,-0.0776276091081594
CVE-2021-22986,11,10,-0.07194545454545455,-0.0356375,-0.053791477272727276
CVE-2021-35464,1,0,0.0,N/A,N/A
CVE-2019-5591,5,7,-0.39646,-0.175075,-0.2857675
CVE-2020-12812,7,28,-0.06464285714285713,-0.04713333333333333,-0.05588809523809523
CVE-2018-13379,23,93,-0.22670434782608695,0.16162045454545454,-0.032541946640316205
CVE-2020-16010,0,0,N/A,N/A,N/A
CVE-2020-15999,15,162,-0.5401466666666667,0.099705,-0.22022083333333334
CVE-2021-21166,2,201,-0.72595,0.023155,-0.3513975
CVE-2020-16017,0,0,N/A,N/A,N/A
CVE-2021-37976,2,0,-0.4979,N/A,N/A
CVE-2020-16009,1,8,-0.9349,0.08077999999999999,-0.42706
CVE-2021-30632,2,132,-0.9958,-0.014152380952380951,-0.5049761904761905
CVE-2020-16013,0,0,N/A,N/A,N/A
CVE-2021-30633,2,132,-0.9958,-0.014152380952380951,-0.5049761904761905
CVE-2021-21148,12,5,0.028541666666666677,0.005574999999999992,0.017058333333333335
CVE-2021-37973,2,0,-0.4923,N/A,N/A
CVE-2021-30551,1,0,-0.7003,N/A,N/A
CVE-2021-37975,3,0,-0.33193333333333336,N/A,N/A
CVE-2020-6418,6,214,-0.07646666666666667,0.013240000000000002,-0.031613333333333334
CVE-2021-30554,1,0,0.0,N/A,N/A
CVE-2021-21206,2,0,0.0,N/A,N/A
CVE-2021-38000,2,0,-0.09065000000000001,N/A,N/A
CVE-2021-38003,2,0,-0.09065000000000001,N/A,N/A
CVE-2021-21224,1,5,0.0,-0.15860000000000002,-0.07930000000000001
CVE-2021-21193,7,43,-0.2413857142857143,-0.06174,-0.15156285714285714
CVE-2021-21220,4,62,0.0,0.06415000000000001,0.032075000000000006
CVE-2021-30563,1,0,-0.7003,N/A,N/A
CVE-2020-4430,0,0,N/A,N/A,N/A
CVE-2020-4427,1,7,-0.9986,0.5393,-0.22965000000000002
CVE-2020-4428,0,0,N/A,N/A,N/A
CVE-2019-4716,2,4,-0.997,0.3962,-0.3004
CVE-2016-3715,1,10,-0.8056,0.023520000000000006,-0.39104
CVE-2016-3718,1,10,-0.8056,0.023520000000000006,-0.39104
CVE-2020-15505,8,23,-0.04942500000000001,-0.26272222222222225,-0.15607361111111112
CVE-2021-30116,1,0,-0.886,N/A,N/A
CVE-2020-7961,1,0,0.0,N/A,N/A
CVE-2021-23874,1,0,0.0,N/A,N/A
CVE-2021-22506,0,0,N/A,N/A,N/A
CVE-2021-22502,1,0,0.0,N/A,N/A
CVE-2014-1812,3,5,-0.9967333333333332,0.26413333333333333,-0.36629999999999996
CVE-2021-38647,16,41,-0.07782499999999999,-0.16245,-0.12013750000000001
CVE-2016-0167,1,0,-0.128,N/A,N/A
CVE-2020-0878,0,0,N/A,N/A,N/A
CVE-2021-31955,2,0,0.0,N/A,N/A
CVE-2021-1647,4,6,0.048125,0.2771,0.1626125
CVE-2021-33739,1,0,0.0,N/A,N/A
CVE-2016-0185,2,1,0.04195000000000004,0.4404,0.24117500000000003
CVE-2020-0683,0,0,N/A,N/A,N/A
CVE-2020-17087,7,86,-0.28454285714285715,-0.10936363636363637,-0.19695324675324677
CVE-2021-33742,1,0,0.0,N/A,N/A
CVE-2021-31199,1,0,0.0,N/A,N/A
CVE-2021-33771,1,0,0.0,N/A,N/A
CVE-2021-31956,11,6,0.0,-0.15860000000000002,-0.07930000000000001
CVE-2021-31201,1,0,0.0,N/A,N/A
CVE-2021-31979,0,0,N/A,N/A,N/A
CVE-2020-0938,1,5,-0.7227,0.1779,-0.2724
CVE-2020-17144,0,0,N/A,N/A,N/A
CVE-2020-0986,2,0,0.0,N/A,N/A
CVE-2020-1020,1,5,-0.7227,0.1779,-0.2724
CVE-2021-38645,2,26,-0.4831,-0.2387,-0.3609
CVE-2021-34523,5,44,-0.5139400000000001,0.21920666666666666,-0.1473666666666667
CVE-2017-7269,2,12,-0.3652,0.3812,0.00799999999999998
CVE-2021-36948,1,0,0.0,N/A,N/A
CVE-2021-38649,2,26,-0.4831,-0.2387,-0.3609
CVE-2020-0688,29,188,-0.09869310344827585,-0.005204761904761904,-0.05194893267651888
CVE-2017-0143,4,9,-0.466875,0.0070666666666666655,-0.22990416666666666
CVE-2016-7255,5,7,-0.39958,-0.008728571428571419,-0.2041542857142857
CVE-2019-0708,97,519,-0.09738453608247423,-0.007700561797752812,-0.05254254894011352
CVE-2021-34473,9,62,-0.3809222222222222,0.168835,-0.1060436111111111
CVE-2020-1464,2,0,0.0,N/A,N/A
CVE-2021-1732,10,9,0.0,0.25995,0.129975
CVE-2021-34527,80,1611,-0.1347475,0.03643388429752066,-0.049156807851239666
CVE-2021-31207,7,74,-0.26434285714285716,0.09964444444444444,-0.08234920634920637
CVE-2019-0803,3,18,0.19733333333333333,-0.2386,-0.020633333333333337
CVE-2020-1040,3,63,-0.13233333333333333,0.05841739130434783,-0.036957971014492746
CVE-2021-28310,5,0,0.0,N/A,N/A
CVE-2020-1350,33,242,-0.27829393939393937,-0.04766829268292683,-0.1629811160384331
CVE-2021-26411,6,0,-0.08778333333333332,N/A,N/A
CVE-2019-0859,3,0,0.0,N/A,N/A
CVE-2021-40444,85,488,-0.028828235294117648,0.07924171122994651,0.025206737967914433
CVE-2017-8759,10,21,-0.08785000000000001,-0.3025125,-0.19518125000000003
CVE-2018-8653,8,131,-0.534875,0.059655813953488374,-0.2376095930232558
CVE-2019-0797,2,0,0.0,N/A,N/A
CVE-2021-36942,4,15,-0.18705,-0.6779333333333334,-0.4324916666666667
CVE-2019-1215,1,0,0.0,N/A,N/A
CVE-2018-0798,0,0,N/A,N/A,N/A
CVE-2018-0802,6,3,-0.4421333333333333,-0.5423,-0.49221666666666664
CVE-2012-0158,12,26,-0.19704166666666667,0.058375,-0.06933333333333333
CVE-2015-1641,4,6,-0.42967500000000003,-0.07627500000000001,-0.252975
CVE-2021-27085,1,0,0.0,N/A,N/A
CVE-2019-0541,1,0,-0.9997,N/A,N/A
CVE-2017-11882,43,120,-0.2795186046511628,-0.12137234042553192,-0.20044547253834735
CVE-2020-0674,13,122,0.03207692307692308,-0.02473333333333333,0.003671794871794875
CVE-2021-27059,0,0,N/A,N/A,N/A
CVE-2019-1367,84,239,0.2586297619047619,0.04923783783783784,0.15393379987129988
CVE-2017-0199,33,630,-0.41793636363636366,-0.022630927835051544,-0.2202836457357076
CVE-2020-1380,1,0,0.0,N/A,N/A
CVE-2019-1429,2,0,0.0,N/A,N/A
CVE-2017-11774,5,0,0.08222,N/A,N/A
CVE-2020-0968,1,0,-0.9468,N/A,N/A
CVE-2020-1472,117,1459,-0.15126324786324788,0.041935763097949885,-0.054663742382649
CVE-2021-26855,41,1409,-0.19152682926829268,0.05425873015873016,-0.06863404955478125
CVE-2021-26858,15,900,-0.29629333333333335,0.07035589743589744,-0.11296871794871796
CVE-2021-27065,27,1227,-0.2187148148148148,0.043625746268656715,-0.08754453427307904
CVE-2020-1054,1,0,-0.9977,N/A,N/A
CVE-2021-1675,65,1031,-0.22986153846153848,0.006246969696969699,-0.11180728438228439
CVE-2021-34448,0,0,N/A,N/A,N/A
CVE-2020-0601,55,935,-0.12799272727272729,-0.03297511737089202,-0.08048392232180965
CVE-2019-0604,11,17,-0.3125090909090909,-0.048839999999999995,-0.18067454545454545
CVE-2020-0646,2,3,-0.8967499999999999,-0.9619,-0.929325
CVE-2019-0808,4,1,0.0,0.6588,0.3294
CVE-2021-26857,17,919,-0.26085882352941175,0.0660265,-0.09741616176470588
CVE-2020-1147,5,15,0.03426000000000001,0.40478571428571425,0.21952285714285713
CVE-2019-1214,1,1,0.9986,0.8566,0.9276
CVE-2016-3235,0,0,N/A,N/A,N/A
CVE-2019-0863,1,0,0.0,N/A,N/A
CVE-2021-36955,0,0,N/A,N/A,N/A
CVE-2021-38648,2,26,-0.4831,-0.2387,-0.3609
CVE-2020-6819,0,0,N/A,N/A,N/A
CVE-2020-6820,0,0,N/A,N/A,N/A
CVE-2019-17026,14,53,-0.11252857142857144,-0.07258,-0.09255428571428573
CVE-2019-15949,0,0,N/A,N/A,N/A
CVE-2020-26919,0,0,N/A,N/A,N/A
CVE-2019-19356,0,0,N/A,N/A,N/A
CVE-2020-2555,3,18,0.19733333333333333,-0.2386,-0.020633333333333337
CVE-2012-3152,3,4,-0.33076666666666665,0.35379999999999995,0.011516666666666647
CVE-2020-14871,4,147,-0.24985,0.0875,-0.081175
CVE-2015-4852,23,26,-0.4446434782608696,-0.3087333333333333,-0.37668840579710144
CVE-2020-14750,1,2,-0.9913,0.4285,-0.2814
CVE-2020-14882,10,88,-0.3128,0.21136499999999997,-0.050717500000000026
CVE-2020-14883,3,0,-0.3307,N/A,N/A
CVE-2020-8644,0,0,N/A,N/A,N/A
CVE-2019-18935,17,65,-0.060247058823529424,0.06236296296296297,0.0010579520697167714
CVE-2021-22893,6,2,-0.2791666666666666,0.45125,0.08604166666666668
CVE-2020-8243,1,2,-0.9999,0.3182,-0.34085
CVE-2021-22900,1,0,-0.9862,N/A,N/A
CVE-2021-22894,1,0,-0.9862,N/A,N/A
CVE-2020-8260,0,0,N/A,N/A,N/A
CVE-2021-22899,1,0,-0.9862,N/A,N/A
CVE-2019-11510,16,50,-0.19871250000000001,0.06183461538461539,-0.06843894230769232
CVE-2019-11539,0,0,N/A,N/A,N/A
CVE-2021-1906,0,0,N/A,N/A,N/A
CVE-2021-1905,2,30,-0.48115,-0.02939,-0.25527
CVE-2020-10221,0,0,N/A,N/A,N/A
CVE-2021-35395,0,0,N/A,N/A,N/A
CVE-2017-16651,0,0,N/A,N/A,N/A
CVE-2020-11652,7,10,-0.2816571428571429,0.4273,0.07282142857142856
CVE-2020-11651,12,29,-0.37964166666666666,0.12153076923076923,-0.12905544871794872
CVE-2020-16846,2,3,0.008350000000000024,-0.7469,-0.369275
CVE-2018-2380,2,0,0.0,N/A,N/A
CVE-2010-5326,1,0,0.0,N/A,N/A
CVE-2016-9563,1,0,0.0,N/A,N/A
CVE-2020-6287,3,5,0.2891333333333333,-0.19013333333333335,0.049499999999999975
CVE-2020-6207,4,0,0.0,N/A,N/A
CVE-2016-3976,3,0,0.0,N/A,N/A
CVE-2019-16256,0,0,N/A,N/A,N/A
CVE-2020-10148,6,83,-0.1213,-0.1304263157894737,-0.12586315789473684
CVE-2021-35211,14,79,-0.04934285714285714,0.030468000000000005,-0.009437428571428567
CVE-2016-3643,1,0,0.0,N/A,N/A
CVE-2020-10199,0,0,N/A,N/A,N/A
CVE-2021-20021,0,0,N/A,N/A,N/A
CVE-2019-7481,2,0,0.0,N/A,N/A
CVE-2021-20022,0,0,N/A,N/A,N/A
CVE-2021-20023,0,0,N/A,N/A,N/A
CVE-2021-20016,0,0,N/A,N/A,N/A
CVE-2020-12271,1,0,0.0,N/A,N/A
CVE-2020-10181,0,0,N/A,N/A,N/A
CVE-2017-6327,2,18,0.296,-0.2386,0.02869999999999999
CVE-2019-18988,1,292,0.3244,-0.022995348837209304,0.15070232558139535
CVE-2017-9248,1,0,0.0,N/A,N/A
CVE-2021-31755,1,0,0.0,N/A,N/A
CVE-2020-10987,0,0,N/A,N/A,N/A
CVE-2018-14558,0,0,N/A,N/A,N/A
CVE-2018-20062,6,44,-0.25201666666666667,0.24408333333333335,-0.00396666666666666
CVE-2019-9082,0,0,N/A,N/A,N/A
CVE-2019-18187,0,0,N/A,N/A,N/A
CVE-2020-8467,0,0,N/A,N/A,N/A
CVE-2020-8468,0,0,N/A,N/A,N/A
CVE-2020-24557,0,0,N/A,N/A,N/A
CVE-2020-8599,0,0,N/A,N/A,N/A
CVE-2021-36742,0,0,N/A,N/A,N/A
CVE-2021-36741,1,0,0.0,N/A,N/A
CVE-2019-20085,0,0,N/A,N/A,N/A
CVE-2020-5849,1,55,-0.8697,0.16490909090909092,-0.35239545454545457
CVE-2020-5847,1,55,-0.8697,0.16490909090909092,-0.35239545454545457
CVE-2019-16759,4,0,-0.249875,N/A,N/A
CVE-2020-17496,1,0,0.0,N/A,N/A
CVE-2019-5544,4,275,-0.371625,0.0491,-0.1612625
CVE-2020-3992,6,322,-0.4834833333333333,-0.006436842105263155,-0.24496008771929823
CVE-2020-3950,0,0,N/A,N/A,N/A
CVE-2021-22005,22,133,-0.18838181818181818,0.06864893617021277,-0.059866441005802705
CVE-2020-3952,8,99,-0.24157499999999998,0.171034375,-0.0352703125
CVE-2021-21972,11,227,-0.16594545454545456,0.006080392156862748,-0.07993253119429591
CVE-2021-21985,12,142,-0.11224166666666667,0.02529756097560976,-0.04347205284552846
CVE-2020-4006,5,5,-0.19061999999999998,0.27416666666666667,0.04177333333333334
CVE-2020-25213,2,0,0.0,N/A,N/A
CVE-2020-11738,0,0,N/A,N/A,N/A
CVE-2019-9978,1,0,-0.6072,N/A,N/A
CVE-2021-27561,0,0,N/A,N/A,N/A
CVE-2021-40539,13,17,-0.06646923076923077,0.26965555555555554,0.10159316239316238
CVE-2020-10189,6,32,-0.01805000000000001,-0.19454666666666667,-0.10629833333333334
CVE-2019-8394,0,0,N/A,N/A,N/A
CVE-2020-29583,10,46,-0.005599999999999994,0.01964,0.007020000000000004
